{
"target_locations": {
    "Target 1": [23.25991, 77.41261],
    "Target 2": [22.71961, 75.85771],

    "Bhadla Solar Park": [27.539669, 71.915253],
    "Pavagada Solar Park": [14.251944, 77.447500],
    "Kurnool Ultra Mega Solar Park": [15.681522, 78.283749],
    "NP Kunta": [14.031944, 78.435833],
    "Rewa Ultra Mega Solar": [24.480278, 81.574444],
    "Charanka Solar Park": [23.900000, 71.200000],
    "Kamuthi Solar Power Project": [9.347568, 78.392162],
    "Ananthapuramu - II": [14.980278, 78.045833],
    "Galiveedu solar park": [14.105833, 78.465833],
    "Mandsaur Solar Farm": [24.088056, 75.799722],
    "Kadapa Ultra Mega Solar Park": [14.916389, 78.291944],
    "Welspun Solar MP project": [24.690700, 75.134700],
    "Karnataka I solar power plant": [15.651944, 75.992500],
    "Bitta Solar Power Plant": [23.262778, 69.024167],
    "Dhirubhai Ambani Solar Park": [26.763056, 72.014167],
    "Mithapur Solar Power Plant": [22.409125, 68.993183],
    "Telangana II Solar Power Plant": [16.152778, 77.765556],

    "Ctrls Data Center Mumbai": [19.063336, 72.861819],
    "HUDA City Centre metro station": [28.459167, 77.072500],
    "PUNE RAILWAY STATION": [18.528821, 73.87315],
    "Indira Paryavaran Bhawan": [28.585154, 77.218347],
    "Dell India": [12.978386, 77.665749],
    "Chennai Metropolitan Area": [13.083667, 80.268667]
}
}
